date,campaign_id,campaign_name,Spend,Clicks,Banner revenue,Video revenue
2024-02-21,c:479655221905119760,405047 Alt v1 android (Andrii) IMG,30.92,495,14.58,1.8
2024-02-20,c:703770107520193400,413122 Alt v1 android (Vasyl) IMG,7.09,110,8.49,0.45
2024-02-21,c:703770107520193400,413122 Alt v1 android (Vasyl) IMG,34.77,453,49.44,5.49
2024-02-22,c:703770107520193400,413122 Alt v1 android (Vasyl) IMG,12.81,156,17.39,1.31
2024-02-20,c:687191956695160300,411954 Alt v1 android (Dima) IMG,7.89,218,5.73,0.5
2024-02-21,c:687191956695160300,411954 Alt v1 android (Dima) IMG,20.7,455,14.79,0.94
2024-02-22,c:687191956695160300,411954 Alt v1 android (Dima) IMG,19.87,350,14.15,1.75
2024-02-20,c:747590157675858800,416170 Alt v1 android (Yuliia) VID,8.35,328,12.19,0.92
2024-02-21,c:747590157675858800,416170 Alt v1 android (Yuliia) VID,34.4,591,55.7,7.6
2024-02-22,c:747590157675858800,416170 Alt v1 android (Yuliia) VID,28.07,972,51.73,2.72
2024-02-20,c:201343736618760700,405305 Alt v4 android (Vasyl) GIF,8.88,255,14.52,0.93
2024-02-21,c:201343736618760700,405305 Alt v4 android (Vasyl) GIF,37.55,833,67.59,7.51
2024-02-22,c:201343736618760700,405305 Alt v4 android (Vasyl) GIF,20.7,420,24.96,2.77
2024-02-20,c:875992654366783400,300646 Alt v3 android (Artem) GIF,8.21,530,8.29,0.82
2024-02-21,c:875992654366783400,300646 Alt v3 android (Artem) GIF,48.37,604,75.12,5.65
2024-02-22,c:875992654366783400,300646 Alt v3 android (Artem) GIF,24.92,1084,29.71,2.94
2024-02-20,c:407315032894861600,417502 Alt v1 android (Yuliia) IMG,7.84,99,4.81,0.36
2024-02-21,c:407315032894861600,417502 Alt v1 android (Yuliia) IMG,49.47,1033,31.7,3.92
2024-02-22,c:407315032894861600,417502 Alt v1 android (Yuliia) IMG,22.32,262,9.75,0.96
2024-02-20,c:140725047727756620,405227 Alt v2 android (Andrii) IMG,3.95,126,1.49,0.17
2024-02-21,c:140725047727756620,405227 Alt v2 android (Andrii) IMG,26.95,318,12.55,0.66
2024-02-22,c:140725047727756620,405227 Alt v2 android (Andrii) IMG,12.52,372,4.74,0.65
2024-02-20,c:434473091894797000,404730 Alt v4 android (Vasyl) IMG,8.54,97,3.69,0.41
2024-02-21,c:434473091894797000,404730 Alt v4 android (Vasyl) IMG,37.62,549,20.2,2
2024-02-22,c:434473091894797000,404730 Alt v4 android (Vasyl) IMG,12.18,214,5.38,0.34
2024-02-19,c:965024766748633000,413802 Original v3 android (Yuliia) VID,6.11,94,9.52,0.5
2024-02-20,c:965024766748633000,413802 Original v3 android (Yuliia) VID,28.26,365,39.16,2.95
2024-02-21,c:498022582423361100,411064 Original v1 android (Artem) IMG,23.43,336,43.63,2.3
2024-02-20,c:188217415134311000,414903 Alt v2 android (Dima) VID,48.47,2320,57.1,3.01
2024-02-20,c:429173867212309300,414880 Alt v2 android (Vasyl) IMG,29.78,922,38.43,4.75
2024-02-21,c:429173867212309300,414880 Alt v2 android (Vasyl) IMG,30,962,39.34,2.96
2024-02-19,c:402141615793211200,414164 Original v3 android (Yuliia) IMG,8.28,103,10.1,1.25
2024-02-21,c:402141615793211200,414164 Original v3 android (Yuliia) IMG,25.49,313,30.72,2.67
2024-02-19,c:158500202831229220,414954 Alt v2 android (Vasyl) VID,3.21,48,3.75,0.33
2024-02-21,c:158500202831229220,414954 Alt v2 android (Vasyl) VID,21.46,400,32.93,2.48
2024-02-20,c:697440992145496300,414937 Original v1 android (Yuliia) GIF,26.91,366,44.77,2.86
2024-02-21,c:697440992145496300,414937 Original v1 android (Yuliia) GIF,28.58,555,47.28,3.02
2024-02-19,c:243225087133486880,414988 Original v3 android (Andrii) GIF,6.15,83,6.92,0.77
2024-02-20,c:243225087133486880,414988 Original v3 android (Andrii) GIF,35.18,1003,43.78,2.3
2024-02-21,c:243225087133486880,414988 Original v3 android (Andrii) GIF,19.34,225,33.19,4.53
2024-02-19,c:439741078075034400,414849 Original v4 android (Yuliia) IMG,37.6,427,36.67,3.19
2024-02-20,c:439741078075034400,414849 Original v4 android (Yuliia) IMG,15.64,322,27.28,3.37
2024-02-18,c:674286418880367200,415109 Alt v2 android (Vasyl) VID,4.91,57,5.49,0.75
2024-02-19,c:674286418880367200,415109 Alt v2 android (Vasyl) VID,37.7,650,59.09,3.11
2024-02-20,c:674286418880367200,415109 Alt v2 android (Vasyl) VID,10.08,731,18.35,1.81
2024-02-19,c:611183052152428700,415109 Alt v2 android (Vasyl) GIF,27.26,1006,39.3,2.96
2024-02-20,c:611183052152428700,415109 Alt v2 android (Vasyl) GIF,19.72,258,26.09,2.9
2024-02-18,c:931776485882069900,414955 Original v2 android (Dima) GIF,7.74,131,9.4,1.28
2024-02-19,c:931776485882069900,414955 Original v2 android (Dima) GIF,46.43,2609,57,4.29
2024-02-20,c:931776485882069900,414955 Original v2 android (Dima) GIF,22.91,394,27.1,2.68
2024-02-18,c:390079817526900400,415139 Alt v1 android (Vasyl) VID,6.34,93,11.62,0.87
2024-02-19,c:390079817526900400,415139 Alt v1 android (Vasyl) VID,32.98,630,44.72,4.42
2024-02-20,c:390079817526900400,415139 Alt v1 android (Vasyl) VID,17.11,516,21.13,1.11
2024-02-18,c:241072301731098270,415097 Original v2 android (Andrii) VID,3.39,283,3.31,0.25
2024-02-19,c:241072301731098270,415097 Original v2 android (Andrii) VID,41.87,470,52.77,4.59
2024-02-20,c:241072301731098270,415097 Original v2 android (Andrii) VID,28.27,969,48.6,5.4
2024-02-18,c:317529679282374300,414579 Original v1 android (Dima) GIF,7.08,116,9.18,0.8
2024-02-19,c:317529679282374300,414579 Original v1 android (Dima) GIF,28.73,939,32.6,2.45
2024-02-18,c:320588131870372300,415069 Original v1 android (Yuliia) VID,5.42,141,8.86,0.57
2024-02-19,c:320588131870372300,415069 Original v1 android (Yuliia) VID,27.29,425,32.42,4.42
2024-02-20,c:320588131870372300,415069 Original v1 android (Yuliia) VID,24.43,503,25.99,1.37
2024-02-18,c:792440807570686100,410622 Original v4 android (Yuliia) GIF,3.26,37,4.99,0.26
2024-02-19,c:792440807570686100,410622 Original v4 android (Yuliia) GIF,40.18,1276,72.03,7.12
2024-02-17,c:845251993135616600,415065 Original v4 android (Andrii) IMG,3.45,48,6.32,0.55
2024-02-18,c:845251993135616600,415065 Original v4 android (Andrii) IMG,44.21,729,77.42,10.56
2024-02-19,c:845251993135616600,415065 Original v4 android (Andrii) IMG,29.22,988,48.93,4.84
2024-02-17,c:444603477267070850,415100 Original v3 android (Dima) GIF,4.01,182,6.86,0.6
2024-02-18,c:444603477267070850,415100 Original v3 android (Dima) GIF,32.47,554,51.58,3.29
2024-02-17,c:239526893833976060,415396 Alt v2 android (Vasyl) GIF,9.04,185,8.9,0.77
2024-02-18,c:239526893833976060,415396 Alt v2 android (Vasyl) GIF,43.48,599,48.33,2.54
2024-02-18,c:825973292097989600,415119 Original v1 android (Vasyl) GIF,39.81,2032,73.35,4.68
2024-02-19,c:825973292097989600,415119 Original v1 android (Vasyl) GIF,17.87,203,23.18,1.48
2024-02-17,c:384642532609511500,415385 Original v3 android (Dima) GIF,7.38,113,10.2,0.65
2024-02-18,c:384642532609511500,415385 Original v3 android (Dima) GIF,39.89,2934,51,3.26
2024-02-19,c:384642532609511500,415385 Original v3 android (Dima) GIF,14.93,185,18,2.45
2024-02-17,c:174271908595147400,415288 Alt v3 android (Vasyl) VID,3.7,52,6.4,0.41
2024-02-19,c:174271908595147400,415288 Alt v3 android (Vasyl) VID,20.61,852,29.06,1.85
2024-02-17,c:383140070229658100,415229 Original v4 android (Yuliia) IMG,9.05,144,14.18,1.93
2024-02-18,c:383140070229658100,415229 Original v4 android (Yuliia) IMG,35.23,582,52.99,6.55
2024-02-19,c:383140070229658100,415229 Original v4 android (Yuliia) IMG,11.53,145,17.96,2.45
2024-02-18,c:351704333141784800,415162 Original v2 android (Yuliia) GIF,45.95,831,64.81,6.41
2024-02-17,c:821245943457333800,415469 Alt v4 android (Yuliia) VID,5.49,88,9.19,0.69
2024-02-18,c:821245943457333800,415469 Alt v4 android (Yuliia) VID,48.28,1816,64.74,7.19
2024-02-19,c:821245943457333800,415469 Alt v4 android (Yuliia) VID,17.28,383,23.99,2.97
2024-02-16,c:657207014198001900,415328 Original v3 android (Andrii) GIF,3.9,81,6.8,0.84
2024-02-17,c:657207014198001900,415328 Original v3 android (Andrii) GIF,45.24,1101,71.26,9.72
2024-02-18,c:657207014198001900,415328 Original v3 android (Andrii) GIF,27.53,502,49.41,3.72
2024-02-16,c:116216679549832060,415364 Original v3 android (Andrii) IMG,9.55,517,11.6,1.29
2024-02-17,c:116216679549832060,415364 Original v3 android (Andrii) IMG,42.98,672,40.85,5.57
2024-02-18,c:116216679549832060,415364 Original v3 android (Andrii) IMG,20.82,238,31.33,4.27
2024-02-17,c:708819863889387000,415372 Alt v2 android (Dima) IMG,24.55,429,34.13,4.65
2024-02-18,c:708819863889387000,415372 Alt v2 android (Dima) IMG,16.67,975,25.02,1.32
2024-02-18,c:322677270096820540,415357 Original v4 android (Yuliia) VID,10.37,134,16.08,1.03
2024-02-16,c:298226304488786700,415523 Alt v3 android (Artem) VID,6.54,230,10.83,1.34
2024-02-17,c:298226304488786700,415523 Alt v3 android (Artem) VID,39.15,1097,43.11,4.26
2024-02-18,c:298226304488786700,415523 Alt v3 android (Artem) VID,10.99,182,19.11,1.44
2024-02-17,c:294191824541231170,415523 Alt v2 android (Andrii) VID,28.85,535,50.17,3.78
2024-02-18,c:294191824541231170,415523 Alt v2 android (Andrii) VID,23.8,268,38.7,2.47
2024-02-16,c:731855184019911700,410611 Alt v4 android (Dima) GIF,3.28,80,4.04,0.55
2024-02-17,c:731855184019911700,410611 Alt v4 android (Dima) GIF,40.52,474,58.79,4.42
2024-02-18,c:731855184019911700,410611 Alt v4 android (Dima) GIF,14.7,804,19.89,2.46
2024-02-16,c:580485705110067800,415685 Original v1 android (Artem) IMG,8.24,384,14.01,1.73
2024-02-17,c:580485705110067800,415685 Original v1 android (Artem) IMG,39.31,957,51.43,6.36
2024-02-18,c:580485705110067800,415685 Original v1 android (Artem) IMG,28.77,382,46.33,6.32
2024-02-16,c:256486306492494940,415548 Original v2 android (Vasyl) IMG,5.13,91,5.45,0.61
2024-02-17,c:256486306492494940,415548 Original v2 android (Vasyl) IMG,24.49,604,34.44,4.26
2024-02-18,c:256486306492494940,415548 Original v2 android (Vasyl) IMG,23.63,278,42.65,2.24
2024-02-15,c:622767192961846400,415520 Original v2 android (Vasyl) VID,8.77,152,13.02,1.45
2024-02-16,c:622767192961846400,415520 Original v2 android (Vasyl) VID,29.3,404,44.59,5.51
2024-02-15,c:156488818447875650,415734 Original v1 android (Artem) IMG,4.68,74,5.47,0.29
2024-02-16,c:156488818447875650,415734 Original v1 android (Artem) IMG,24.19,332,24.91,3.4
2024-02-17,c:156488818447875650,415734 Original v1 android (Artem) IMG,23.1,459,39.09,2.49
2024-02-15,c:362860065410064640,415288 Alt v2 android (Vasyl) IMG,7.64,89,7.94,0.69
2024-02-15,c:421608586005366400,401469 Alt v2 android (Dima) VID,3.19,100,3.14,0.43
2024-02-16,c:421608586005366400,401469 Alt v2 android (Dima) VID,48.94,1730,70.56,8.72
2024-02-17,c:421608586005366400,401469 Alt v2 android (Dima) VID,27.46,325,44.44,3.34
2024-02-15,c:781596169545842000,415729 Original v2 android (Artem) GIF,4.05,55,4.6,0.63
2024-02-17,c:781596169545842000,415729 Original v2 android (Artem) GIF,21.71,346,29.59,1.89
2024-02-15,c:681203940480838800,415723 Alt v2 android (Yuliia) GIF,4.13,62,6.08,0.53
2024-02-16,c:681203940480838800,415723 Alt v2 android (Yuliia) GIF,32.65,2028,37.78,4.67
2024-02-17,c:681203940480838800,415723 Alt v2 android (Yuliia) GIF,27.27,817,41.28,5.63
2024-02-15,c:593316928023241100,415509 Original v4 android (Vasyl) IMG,5.46,70,9.75,0.51
2024-02-16,c:593316928023241100,415509 Original v4 android (Vasyl) IMG,30.94,2105,40.02,5.46
2024-02-17,c:593316928023241100,415509 Original v4 android (Vasyl) IMG,13.81,176,19.06,1.66
2024-02-15,c:993198955055568000,301425 Original v3 android (Yuliia) IMG,45.62,528,54.2,7.39
2024-02-16,c:993198955055568000,301425 Original v3 android (Yuliia) IMG,25.45,630,41.66,5.68
2024-02-14,c:856931897023956700,301425 Alt v4 android (Artem) IMG,3.14,44,5.73,0.3
2024-02-15,c:856931897023956700,301425 Alt v4 android (Artem) IMG,33.74,652,53.75,5.97
2024-02-14,c:879048951353811300,416057 Original v3 android (Andrii) GIF,7.69,97,11.84,1.61
2024-02-15,c:879048951353811300,416057 Original v3 android (Andrii) GIF,37.07,658,65.85,3.47
2024-02-16,c:879048951353811300,416057 Original v3 android (Andrii) GIF,20.76,274,36.46,3.61
2024-02-14,c:176331067998394500,416023 Alt v4 android (Dima) IMG,7.62,102,10.42,0.78
2024-02-15,c:176331067998394500,416023 Alt v4 android (Dima) IMG,28.37,413,40.53,4.01
2024-02-16,c:176331067998394500,416023 Alt v4 android (Dima) IMG,20.88,728,36.31,2.73
2024-02-14,c:206745144278689860,300646 Original v1 android (Vasyl) IMG,7.34,91,12.35,1.37
2024-02-15,c:206745144278689860,300646 Original v1 android (Vasyl) IMG,29.04,516,33.72,3.75
2024-02-16,c:206745144278689860,300646 Original v1 android (Vasyl) IMG,29.64,432,27.65,3.77
2024-02-14,c:990910565438085600,300646 Original v2 android (Vasyl) IMG,3.49,55,4.3,0.59
2024-02-15,c:990910565438085600,300646 Original v2 android (Vasyl) IMG,43.13,592,69.33,4.43
2024-02-16,c:990910565438085600,300646 Original v2 android (Vasyl) IMG,22.99,1156,32.77,4.47
2024-02-14,c:733443599580714200,416056 Original v4 android (Andrii) VID,5.9,354,10.37,0.55
2024-02-16,c:733443599580714200,416056 Original v4 android (Andrii) VID,23.86,297,41.57,5.67
2024-02-15,c:207040762902364100,404094 Original v1 android (Vasyl) GIF,47.11,1701,85.93,4.52
2024-02-16,c:207040762902364100,404094 Original v1 android (Vasyl) GIF,27.58,402,34.63,2.61
2024-02-13,c:203330416862085760,403173 Alt v3 android (Dima) IMG,5.32,93,5.54,0.68
2024-02-15,c:203330416862085760,403173 Alt v3 android (Dima) IMG,13.07,324,14.37,0.92
2024-02-13,c:811197202370997200,403321 Original v2 android (Andrii) IMG,4.94,89,7.69,0.76
2024-02-14,c:811197202370997200,403321 Original v2 android (Andrii) IMG,28.79,626,38.18,4.72
2024-02-15,c:811197202370997200,403321 Original v2 android (Andrii) IMG,14.16,172,15.08,1.49
2024-02-15,c:185893815370822500,404730 Alt v3 android (Artem) VID,15.79,217,27.75,2.41
2024-02-13,c:780497609809607000,405305 Original v1 android (Artem) VID,5.81,179,7.74,0.86
2024-02-14,c:780497609809607000,405305 Original v1 android (Artem) VID,36.05,480,34.72,3.86
2024-02-15,c:780497609809607000,405305 Original v1 android (Artem) VID,11.11,158,19.42,1.24
2024-02-13,c:713536642712345700,405202 Original v1 android (Dima) IMG,3.58,50,5.54,0.62
2024-02-14,c:713536642712345700,405202 Original v1 android (Dima) IMG,28.95,2083,32.98,4.08
2024-02-13,c:113503069407724820,405196 Alt v4 android (Vasyl) VID,4.2,91,5.67,0.63
2024-02-15,c:113503069407724820,405196 Alt v4 android (Vasyl) VID,29.04,630,46.78,5.2
2024-02-14,c:622705728910247300,404898 Alt v4 android (Andrii) IMG,32.15,833,45.33,2.89
2024-02-15,c:622705728910247300,404898 Alt v4 android (Andrii) IMG,24.63,345,30.79,1.97
2024-02-15,c:712360431732710500,415760 Original v1 android (Andrii) GIF,13.33,151,19.87,1.73
2024-02-13,c:496585641753857000,416002 Original v3 android (Yuliia) VID,23.1,1277,34.89,1.84
2024-02-12,c:651755949707229400,416174 Original v4 android (Artem) GIF,3.27,48,3.37,0.46
2024-02-13,c:651755949707229400,416174 Original v4 android (Artem) GIF,38.31,426,59.69,3.14
2024-02-14,c:651755949707229400,416174 Original v4 android (Artem) GIF,23.23,2020,36.47,2.33
2024-02-12,c:482867158284663550,295505 Alt v1 android (Vasyl) IMG,8.54,150,8.19,1.12
2024-02-14,c:482867158284663550,295505 Alt v1 android (Vasyl) IMG,26.61,1188,41.46,2.18
2024-02-12,c:263638131824104300,405381 Alt v1 android (Artem) GIF,7.21,255,7.46,0.48
2024-02-13,c:263638131824104300,405381 Alt v1 android (Artem) GIF,28.48,682,29.99,3.33
2024-02-14,c:263638131824104300,405381 Alt v1 android (Artem) GIF,27.98,372,49.97,3.19
2024-02-12,c:150022450914973020,415288 Alt v1 android (Yuliia) GIF,6.76,94,6.6,0.9
2024-02-13,c:150022450914973020,415288 Alt v1 android (Yuliia) GIF,31.41,2662,39.44,3.9
2024-02-13,c:809460428224525700,416223 Alt v4 android (Andrii) GIF,27.45,540,27.83,2.09
2024-02-12,c:963979271645718600,415766 Alt v4 android (Yuliia) VID,8.78,112,12.94,1.28
2024-02-13,c:963979271645718600,415766 Alt v4 android (Yuliia) VID,48.67,957,80.98,5.17
2024-02-14,c:963979271645718600,415766 Alt v4 android (Yuliia) VID,20.48,1330,26.76,1.71
2024-02-12,c:433756320488309500,416170 Alt v4 android (Artem) IMG,7.89,107,10.64,0.56
2024-02-13,c:433756320488309500,416170 Alt v4 android (Artem) IMG,35.97,529,50.92,2.68
2024-02-14,c:433756320488309500,416170 Alt v4 android (Artem) IMG,29.98,383,41.16,5.61
2024-02-12,c:518856161913584060,416215 Original v4 android (Andrii) VID,3.45,39,5.46,0.61
2024-02-13,c:518856161913584060,416215 Original v4 android (Andrii) VID,29.93,960,34.48,3.83
2024-02-14,c:518856161913584060,416215 Original v4 android (Andrii) VID,20,229,26.13,1.67
2024-02-11,c:322467866452040200,416225 Original v1 android (Artem) GIF,8.08,106,15.04,0.96
2024-02-12,c:322467866452040200,416225 Original v1 android (Artem) GIF,25.3,557,42.35,3.19
2024-02-13,c:322467866452040200,416225 Original v1 android (Artem) GIF,29.63,562,30.47,3.01
2024-02-11,c:960603015456770200,415690 Alt v2 android (Dima) VID,4.11,69,3.87,0.53
2024-02-12,c:960603015456770200,415690 Alt v2 android (Dima) VID,20.28,1719,36.22,1.91
2024-02-13,c:960603015456770200,415690 Alt v2 android (Dima) VID,12.59,176,14.96,2.04
2024-02-11,c:947043397018615800,406255 Original v3 android (Dima) VID,9.61,178,17.43,1.11
2024-02-12,c:947043397018615800,406255 Original v3 android (Dima) VID,32.45,505,56.41,2.97
2024-02-13,c:947043397018615800,406255 Original v3 android (Dima) VID,18.6,391,32.33,3.2
2024-02-11,c:327940293948587600,415892 Alt v4 android (Yuliia) GIF,4.93,76,6.64,0.91
2024-02-13,c:327940293948587600,415892 Alt v4 android (Yuliia) GIF,26.35,442,33.57,2.53
2024-02-11,c:437554695810540540,416474 Alt v4 android (Dima) GIF,3.21,47,4.83,0.31
2024-02-12,c:437554695810540540,416474 Alt v4 android (Dima) GIF,26.68,669,38.21,2.88
2024-02-13,c:437554695810540540,416474 Alt v4 android (Dima) GIF,14.1,177,22.29,1.68
2024-02-10,c:848769854818817400,416047 Original v3 android (Dima) VID,7.02,113,8.12,0.52
2024-02-11,c:848769854818817400,416047 Original v3 android (Dima) VID,42.31,495,55.73,6.89
2024-02-12,c:848769854818817400,416047 Original v3 android (Dima) VID,13.23,205,17.1,1.29
2024-02-10,c:695523345681813100,413877 Original v2 android (Andrii) VID,7.75,641,9.21,1.02
2024-02-11,c:695523345681813100,413877 Original v2 android (Andrii) VID,25.57,349,25.65,3.5
2024-02-12,c:695523345681813100,413877 Original v2 android (Andrii) VID,26.4,1200,45.65,4.51
2024-02-10,c:158252666598393900,416312 Original v1 android (Vasyl) GIF,7.85,178,7.74,0.58
2024-02-11,c:158252666598393900,416312 Original v1 android (Vasyl) GIF,25.01,427,37.74,3.28
2024-02-12,c:158252666598393900,416312 Original v1 android (Vasyl) GIF,22.56,583,30.84,2.32
2024-02-10,c:162669615737337730,416628 Alt v2 android (Yuliia) GIF,7.01,125,12.19,0.64
2024-02-11,c:162669615737337730,416628 Alt v2 android (Yuliia) GIF,27.98,1120,43.59,2.29
2024-02-12,c:162669615737337730,416628 Alt v2 android (Yuliia) GIF,11.23,206,11.51,0.73
2024-02-09,c:356353224845164400,416202 Alt v4 android (Artem) IMG,4.31,83,6.06,0.32
2024-02-11,c:356353224845164400,416202 Alt v4 android (Artem) IMG,15.56,1128,16.99,1.68
2024-02-09,c:584255177961448000,416625 Alt v3 android (Andrii) VID,6.11,139,6.62,0.35
2024-02-11,c:584255177961448000,416625 Alt v3 android (Andrii) VID,25.47,447,28.24,3.85
2024-02-09,c:235085246052660900,413718 Alt v2 android (Yuliia) VID,6.52,171,7.88,0.59
2024-02-11,c:235085246052660900,413718 Alt v2 android (Yuliia) VID,28.07,326,33.25,2.12
2024-02-09,c:308785875800686300,416220 Alt v1 android (Artem) GIF,9.66,209,17.7,1.33
2024-02-10,c:308785875800686300,416220 Alt v1 android (Artem) GIF,20.49,245,32.09,3.57
2024-02-11,c:308785875800686300,416220 Alt v1 android (Artem) GIF,16.58,420,20.86,2.85
2024-02-10,c:634867662041144800,416885 Alt v3 android (Artem) GIF,38.84,697,47.36,5.85
2024-02-11,c:634867662041144800,416885 Alt v3 android (Artem) GIF,12.95,974,21.92,2.17
2024-02-09,c:407475701192185500,416197 Alt v1 android (Artem) IMG,5.34,62,8.65,0.96
2024-02-10,c:407475701192185500,416197 Alt v1 android (Artem) IMG,44.68,931,61.64,7.62
2024-02-11,c:407475701192185500,416197 Alt v1 android (Artem) IMG,25.7,296,42.8,3.72
2024-02-11,c:612337683358572560,417072 Alt v2 android (Yuliia) VID,17.35,533,30.42,3.76
2024-02-08,c:472701703672950800,416824 Alt v4 android (Yuliia) VID,4.43,217,5.69,0.78
2024-02-09,c:472701703672950800,416824 Alt v4 android (Yuliia) VID,34.12,484,36.81,2.77
2024-02-08,c:525686132874024960,416772 Alt v3 android (Yuliia) GIF,6.23,314,6.79,0.43
2024-02-10,c:525686132874024960,416772 Alt v3 android (Yuliia) GIF,14.33,246,24.12,1.82
2024-02-08,c:223484859809980130,416475 Original v4 android (Andrii) IMG,7.73,219,10.9,0.7
2024-02-09,c:223484859809980130,416475 Original v4 android (Andrii) IMG,32.87,1730,51.47,5.72
2024-02-10,c:223484859809980130,416475 Original v4 android (Andrii) IMG,24.97,354,44.35,3.34
2024-02-08,c:692155370378414000,416475 Original v2 android (Artem) GIF,5.63,486,9.56,1.3
2024-02-09,c:692155370378414000,416475 Original v2 android (Artem) GIF,44.53,519,67.77,8.38
2024-02-10,c:692155370378414000,416475 Original v2 android (Artem) GIF,22.16,318,38.26,4.73
2024-02-08,c:302056554517755400,417053 Original v3 android (Dima) GIF,7.42,84,11.23,1.53
2024-02-10,c:302056554517755400,417053 Original v3 android (Dima) GIF,17.44,283,32.64,1.72
2024-02-09,c:844934420857977500,416423 Alt v1 android (Vasyl) IMG,35.63,823,49.7,3.74
2024-02-10,c:844934420857977500,416423 Alt v1 android (Vasyl) IMG,29.94,338,28.88,2.86
2024-02-09,c:273085365781418270,417056 Original v1 android (Dima) GIF,21.63,670,25.8,3.19
2024-02-10,c:273085365781418270,417056 Original v1 android (Dima) GIF,19.56,397,32.53,4.44
2024-02-07,c:745153640073370000,416877 Original v1 android (Dima) GIF,5.61,79,8.94,1.1
2024-02-08,c:745153640073370000,416877 Original v1 android (Dima) GIF,23.69,453,40.72,4.52
2024-02-09,c:745153640073370000,416877 Original v1 android (Dima) GIF,21.96,1364,30.96,1.98
2024-02-07,c:649608984970195800,416972 Alt v4 android (Andrii) IMG,6.08,79,7.94,0.51
2024-02-08,c:649608984970195800,416972 Alt v4 android (Andrii) IMG,38.1,1500,67.96,6.72
2024-02-09,c:649608984970195800,416972 Alt v4 android (Andrii) IMG,19.34,261,31.42,1.65
2024-02-08,c:133750058649744210,416424 Original v2 android (Yuliia) VID,38.79,432,64.21,7.94
2024-02-09,c:133750058649744210,416424 Original v2 android (Yuliia) VID,17.05,324,27,2.67
2024-02-07,c:853139296216039600,417102 Alt v2 android (Artem) IMG,3.65,65,6.5,0.72
2024-02-08,c:853139296216039600,417102 Alt v2 android (Artem) IMG,25.07,1105,31.94,2.4
2024-02-08,c:372423208131878800,416997 Original v1 android (Artem) VID,34.71,1607,48.47,2.55
2024-02-09,c:372423208131878800,416997 Original v1 android (Artem) VID,27.77,1044,51.16,3.27
2024-02-07,c:398291109127922600,417038 Original v1 android (Artem) IMG,3.86,197,5.08,0.32
2024-02-07,c:247634294248054940,416827 Alt v4 android (Dima) IMG,5.83,143,9.6,1.19
2024-02-08,c:247634294248054940,416827 Alt v4 android (Dima) IMG,20.63,407,28.96,3.22
2024-02-09,c:247634294248054940,416827 Alt v4 android (Dima) IMG,25.87,681,47.6,4.14
2024-02-07,c:103445628672739650,416608 Alt v2 android (Dima) IMG,7.16,124,12.59,0.8
2024-02-08,c:103445628672739650,416608 Alt v2 android (Dima) IMG,39,901,57.06,3
2024-02-09,c:103445628672739650,416608 Alt v2 android (Dima) IMG,16.67,316,22.17,1.67
2024-02-07,c:933193457126741100,417260 Alt v3 android (Andrii) VID,7.12,125,9.94,0.52
2024-02-08,c:933193457126741100,417260 Alt v3 android (Andrii) VID,46.25,1497,61.08,4.6
2024-02-09,c:933193457126741100,417260 Alt v3 android (Andrii) VID,11.35,460,11.9,1.04
2024-02-06,c:891455298315020300,416634 Original v1 android (Andrii) GIF,9.95,149,14.96,0.96
2024-02-07,c:891455298315020300,416634 Original v1 android (Andrii) GIF,21.34,641,23.3,2.3
2024-02-08,c:891455298315020300,416634 Original v1 android (Andrii) GIF,16.2,708,20.94,1.58
2024-02-06,c:221839432845392100,417240 Alt v3 android (Vasyl) IMG,8.71,201,13.75,0.88
2024-02-07,c:221839432845392100,417240 Alt v3 android (Vasyl) IMG,39.56,525,43.31,3.77
2024-02-08,c:221839432845392100,417240 Alt v3 android (Vasyl) IMG,26.39,1610,31.59,1.66
2024-02-06,c:415996922704877900,417253 Original v1 android (Yuliia) GIF,7.57,85,10.52,0.91
2024-02-07,c:415996922704877900,417253 Original v1 android (Yuliia) GIF,23.17,1598,30.79,4.2
2024-02-08,c:415996922704877900,417253 Original v1 android (Yuliia) GIF,15.67,743,22.28,2.48
2024-02-06,c:750073978533710700,417214 Original v3 android (Artem) IMG,7.71,113,7.26,0.99
2024-02-07,c:750073978533710700,417214 Original v3 android (Artem) IMG,26.79,1887,34.61,1.82
2024-02-08,c:750073978533710700,417214 Original v3 android (Artem) IMG,23.73,275,30.28,4.13
2024-02-06,c:213818863313183460,416596 Alt v2 android (Dima) IMG,6.39,97,7.94,0.69
2024-02-08,c:213818863313183460,416596 Alt v2 android (Dima) IMG,22.55,306,25.65,2.54
2024-02-08,c:866723605564174700,417418 Alt v2 android (Vasyl) IMG,27.53,551,37.66,1.98
2024-02-06,c:689572267707151600,405367 Original v4 android (Vasyl) VID,4.07,57,3.87,0.53
2024-02-07,c:689572267707151600,405367 Original v4 android (Vasyl) VID,22.41,335,32.72,2.46
2024-02-08,c:689572267707151600,405367 Original v4 android (Vasyl) VID,15.89,336,24.31,2.7
2024-02-07,c:591255803035339800,417369 Original v3 android (Artem) VID,44.33,564,74.62,5.62
2024-02-08,c:591255803035339800,417369 Original v3 android (Artem) VID,12.35,162,18.37,2.5
2024-02-07,c:978278299773398100,416858 Alt v3 android (Yuliia) VID,40.65,478,63.95,5.56
2024-02-08,c:978278299773398100,416858 Alt v3 android (Yuliia) VID,17.88,280,22.44,2.77
2024-02-05,c:409287087727161300,417228 Original v2 android (Dima) IMG,4.02,90,7.03,0.45
2024-02-06,c:409287087727161300,417228 Original v2 android (Dima) IMG,27.94,638,34.07,4.21
2024-02-07,c:409287087727161300,417228 Original v2 android (Dima) IMG,25.36,1098,45.29,2.38
2024-02-06,c:255242082381935460,405925 Original v1 android (Dima) IMG,49.27,953,62.72,3.3
2024-02-07,c:255242082381935460,405925 Original v1 android (Dima) IMG,22.76,434,35.18,3.06
2024-02-05,c:622726890073601400,414988 Original v2 android (Yuliia) GIF,3.45,81,5.14,0.45
2024-02-06,c:622726890073601400,414988 Original v2 android (Yuliia) GIF,21.73,242,30.12,3.35
2024-02-07,c:622726890073601400,414988 Original v2 android (Yuliia) GIF,22.45,277,32.4,4.42
2024-02-05,c:199538187373375260,417402 Alt v1 android (Yuliia) GIF,9.15,136,15.73,0.83
2024-02-06,c:199538187373375260,417402 Alt v1 android (Yuliia) GIF,34.25,437,44.2,5.46
2024-02-07,c:199538187373375260,417402 Alt v1 android (Yuliia) GIF,15.69,707,19.27,2.38
2024-02-05,c:492372373522863550,416934 Alt v1 android (Dima) IMG,8.18,93,10.8,1.47
2024-02-06,c:492372373522863550,416934 Alt v1 android (Dima) IMG,27.32,573,27.84,2.75
2024-02-07,c:492372373522863550,416934 Alt v1 android (Dima) IMG,26.57,1429,33.9,4.62
2024-02-05,c:503667404199252160,417054 Alt v4 android (Andrii) GIF,5.68,73,8.49,0.54
2024-02-06,c:503667404199252160,417054 Alt v4 android (Andrii) GIF,47.01,609,61.18,3.22
2024-02-07,c:503667404199252160,417054 Alt v4 android (Andrii) GIF,29.6,444,44.32,3.34
2024-02-05,c:604706505681210600,417420 Original v2 android (Andrii) IMG,8.25,254,13.49,0.86
2024-02-06,c:604706505681210600,417420 Original v2 android (Andrii) IMG,24,435,34.15,2.57
2024-02-07,c:604706505681210600,417420 Original v2 android (Andrii) IMG,23.88,281,39.72,5.42
2024-02-04,c:781109354769845100,416474 Original v2 android (Dima) GIF,3.62,46,5.32,0.66
2024-02-04,c:810094210677875700,417034 Original v4 android (Andrii) GIF,5.36,165,6.21,0.33
2024-02-05,c:810094210677875700,417034 Original v4 android (Andrii) GIF,35.1,558,60.37,5.97
2024-02-04,c:612294900913798800,417367 Original v4 android (Dima) VID,8.62,117,15.15,1.14
2024-02-05,c:612294900913798800,417367 Original v4 android (Dima) VID,22.68,443,23.05,1.21
2024-02-06,c:612294900913798800,417367 Original v4 android (Dima) VID,13.18,157,15.16,1.32
2024-02-04,c:953427732209641800,417642 Original v2 android (Artem) GIF,3.32,67,4.25,0.53
2024-02-05,c:953427732209641800,417642 Original v2 android (Artem) GIF,47.7,3223,66.23,8.19
2024-02-06,c:953427732209641800,417642 Original v2 android (Artem) GIF,18.78,244,31.76,3.93
2024-02-04,c:649634626913159400,417182 Alt v1 android (Dima) IMG,4.4,69,4.18,0.57
2024-02-05,c:649634626913159400,417182 Alt v1 android (Dima) IMG,46.74,552,82.94,8.2
2024-02-04,c:679725051358507800,417649 Alt v4 android (Vasyl) GIF,8.76,280,15.94,1.58
2024-02-05,c:679725051358507800,417649 Alt v4 android (Vasyl) GIF,31.93,2383,46.41,2.44
2024-02-06,c:679725051358507800,417649 Alt v4 android (Vasyl) GIF,14.18,612,14.68,1.63
2024-02-04,c:880293809762989000,417369 Alt v4 android (Artem) IMG,6.28,107,11.08,1.23
2024-02-05,c:880293809762989000,417369 Alt v4 android (Artem) IMG,43.14,1509,58.74,7.26
2024-02-06,c:880293809762989000,417369 Alt v4 android (Artem) IMG,27.14,554,38.41,4.75
2024-02-03,c:473914432974919000,417258 Alt v2 android (Artem) IMG,9.38,314,13.04,1.78
2024-02-04,c:473914432974919000,417258 Alt v2 android (Artem) IMG,42.05,570,62.57,4.71
2024-02-03,c:709476069034273700,417387 Alt v4 android (Andrii) GIF,5.26,121,6.63,0.74
2024-02-04,c:709476069034273700,417387 Alt v4 android (Andrii) GIF,37.05,443,62.32,7.7
2024-02-05,c:709476069034273700,417387 Alt v4 android (Andrii) GIF,23.11,392,33.02,2.11
2024-02-04,c:458313615728041860,417608 Alt v1 android (Yuliia) VID,34.77,720,52.3,6.46
2024-02-05,c:458313615728041860,417608 Alt v1 android (Yuliia) VID,19.63,1259,32.84,2.1
2024-02-04,c:402208970722230500,417637 Alt v2 android (Artem) GIF,41.91,650,59.38,5.16
2024-02-05,c:402208970722230500,417637 Alt v2 android (Artem) GIF,25.93,644,25.15,3.11
2024-02-03,c:351930995942308900,417224 Original v1 android (Artem) VID,4.97,219,6.69,0.91
2024-02-04,c:351930995942308900,417224 Original v1 android (Artem) VID,31.78,805,37.31,3.69
2024-02-05,c:351930995942308900,417224 Original v1 android (Artem) VID,10.49,336,14.85,0.78
2024-02-03,c:157610891762864260,417777 Original v4 android (Andrii) GIF,8.46,476,10.39,1.28
2024-02-04,c:939723177228266600,402614 Original v1 android (Vasyl) IMG,20.81,441,27.38,2.38
2024-02-03,c:147517239672429120,417597 Original v3 android (Dima) GIF,3.88,97,6.53,0.81
2024-02-04,c:147517239672429120,417597 Original v3 android (Dima) GIF,42.72,798,71.51,7.95
2024-02-05,c:147517239672429120,417597 Original v3 android (Dima) GIF,28.92,371,45.33,2.39
2024-02-02,c:111545465583135170,414954 Original v1 android (Dima) IMG,3.73,47,6.14,0.76
2024-02-03,c:111545465583135170,414954 Original v1 android (Dima) IMG,23.65,304,41.97,4.15
2024-02-02,c:168955883213242500,417778 Original v2 android (Yuliia) GIF,7.94,787,13.78,1.7
2024-02-03,c:168955883213242500,417778 Original v2 android (Yuliia) GIF,43.67,771,76.74,6.67
2024-02-04,c:168955883213242500,417778 Original v2 android (Yuliia) GIF,10.09,117,17.83,1.14
2024-02-02,c:780198462036112000,417937 Original v4 android (Artem) IMG,8.61,249,11.74,1.6
2024-02-03,c:780198462036112000,417937 Original v4 android (Artem) IMG,44.76,1139,73.72,7.29
2024-02-02,c:230424885832748000,418023 Original v4 android (Dima) VID,5.75,394,5.64,0.63
2024-02-03,c:230424885832748000,418023 Original v4 android (Dima) VID,37.79,798,63.85,8.71
2024-02-04,c:230424885832748000,418023 Original v4 android (Dima) VID,16.98,550,16.4,1.43
2024-02-02,c:224937703010926080,417342 Alt v2 android (Andrii) VID,4.92,150,7.23,0.99
2024-02-03,c:224937703010926080,417342 Alt v2 android (Andrii) VID,39.88,3166,53.04,2.79
2024-02-04,c:224937703010926080,417342 Alt v2 android (Andrii) VID,24.75,322,37.84,3.74
2024-02-02,c:230069063471602050,417783 Original v3 android (Yuliia) IMG,5.65,202,6.32,0.63
2024-02-04,c:230069063471602050,417783 Original v3 android (Yuliia) IMG,21.11,361,26.01,3.55
2024-02-02,c:923887502222903200,417388 Original v3 android (Artem) IMG,9.52,115,9.96,0.99
2024-02-03,c:923887502222903200,417388 Original v3 android (Artem) IMG,29.21,1293,28.79,3.93
2024-02-04,c:923887502222903200,417388 Original v3 android (Artem) IMG,19.03,1040,23.55,2.33
2024-02-01,c:687962514574790300,417428 Alt v1 android (Yuliia) GIF,8.49,234,9.55,1.06
2024-02-02,c:687962514574790300,417428 Alt v1 android (Yuliia) GIF,42.12,616,73.02,9.96
2024-02-01,c:768612091342967000,417861 Original v1 android (Yuliia) IMG,5.33,314,7.16,0.62
2024-02-02,c:768612091342967000,417861 Original v1 android (Yuliia) IMG,39.71,1822,69.43,4.43
2024-02-03,c:768612091342967000,417861 Original v1 android (Yuliia) IMG,23.74,845,34.65,4.28
2024-02-01,c:559381429506161200,417541 Original v4 android (Vasyl) IMG,3.92,48,6.56,0.73
2024-02-02,c:559381429506161200,417541 Original v4 android (Vasyl) IMG,37.86,1462,63.7,4.07
2024-02-03,c:559381429506161200,417541 Original v4 android (Vasyl) IMG,19.25,512,29.8,3.31
2024-02-01,c:685568959328040600,417875 Original v1 android (Vasyl) IMG,4.73,246,6.68,0.74
2024-02-03,c:685568959328040600,417875 Original v1 android (Vasyl) IMG,27.42,369,38.12,5.2
2024-02-01,c:246519201609281000,418032 Original v4 android (Yuliia) GIF,4.48,201,4.74,0.59
2024-02-02,c:246519201609281000,418032 Original v4 android (Yuliia) GIF,23.68,884,31.16,1.99
2024-02-03,c:246519201609281000,418032 Original v4 android (Yuliia) GIF,14.21,812,18.23,1.8
2024-02-01,c:970541813772661600,417416 Original v3 android (Andrii) GIF,7,88,7.65,0.4
2024-02-02,c:970541813772661600,417416 Original v3 android (Andrii) GIF,44.64,1191,47.64,4.14
2024-02-03,c:970541813772661600,417416 Original v3 android (Andrii) GIF,13.32,343,16.48,1.63
2024-02-02,c:659306325463753200,416636 Original v3 android (Artem) GIF,33.26,416,44.79,4.43
2024-02-03,c:659306325463753200,416636 Original v3 android (Artem) GIF,10.37,402,13.93,1.21
2024-02-01,c:153861561305100640,418070 Original v2 android (Yuliia) IMG,3.98,327,4.28,0.37
2024-02-02,c:153861561305100640,418070 Original v2 android (Yuliia) IMG,44.87,1237,73.88,9.13
2024-02-03,c:153861561305100640,418070 Original v2 android (Yuliia) IMG,20.72,379,33.19,4.53
2024-01-31,c:300408962589218560,416673 Alt v1 android (Andrii) VID,6.38,283,10.03,0.75
2024-02-02,c:300408962589218560,416673 Alt v1 android (Andrii) VID,15.12,250,27,1.42
2024-01-31,c:888856546545915400,417648 Alt v1 android (Yuliia) VID,3.31,69,4.86,0.66
2024-02-02,c:888856546545915400,417648 Alt v1 android (Yuliia) VID,27.13,528,48.45,2.55
2024-01-31,c:776980839522382700,417928 Original v2 android (Yuliia) IMG,8.64,208,11.45,0.73
2024-02-01,c:776980839522382700,417928 Original v2 android (Yuliia) IMG,26.87,1268,47.46,4.13
2024-02-02,c:776980839522382700,417928 Original v2 android (Yuliia) IMG,15.11,245,24.48,3.03
2024-02-01,c:146835409698986560,418059 Alt v4 android (Andrii) IMG,30.13,1477,34.32,4.24
2024-02-02,c:146835409698986560,418059 Alt v4 android (Andrii) IMG,14.26,1026,14.37,1.6
2024-02-02,c:209744493170495040,417752 Original v3 android (Yuliia) IMG,23.58,367,31.47,2.01
2024-01-31,c:233773776370674430,418212 Original v3 android (Artem) VID,5.26,114,6.44,0.56
2024-02-01,c:233773776370674430,418212 Original v3 android (Artem) VID,26.46,812,31.2,3.47
2024-02-02,c:233773776370674430,418212 Original v3 android (Artem) VID,13.48,237,23.92,2.37
2024-01-31,c:565449302727734500,418239 Alt v3 android (Vasyl) VID,8.05,163,11.55,1
2024-02-01,c:565449302727734500,418239 Alt v3 android (Vasyl) VID,24.94,397,39.2,2.95
2024-02-02,c:565449302727734500,418239 Alt v3 android (Vasyl) VID,10.07,114,16.59,1.84
2024-01-31,c:208287391153809660,410935 Original v2 android (Andrii) GIF,3.27,38,5.33,0.53
2024-02-01,c:208287391153809660,410935 Original v2 android (Andrii) GIF,41.88,831,48.69,3.66
2024-02-02,c:208287391153809660,410935 Original v2 android (Andrii) GIF,12.52,177,12.36,0.79
2024-01-30,c:206301889555094100,417764 Alt v3 android (Yuliia) IMG,3.42,94,3.8,0.47
2024-01-31,c:206301889555094100,417764 Alt v3 android (Yuliia) IMG,26.25,337,46.64,2.98
2024-02-01,c:206301889555094100,417764 Alt v3 android (Yuliia) IMG,21.15,846,37.69,4.19
2024-01-30,c:745453227355090700,417502 Alt v3 android (Dima) VID,8.19,168,9.75,0.73
2024-01-31,c:745453227355090700,417502 Alt v3 android (Dima) VID,44.93,856,78.85,8.76
2024-02-01,c:745453227355090700,417502 Alt v3 android (Dima) VID,27.57,697,42.69,2.25
2024-01-30,c:334848807129099840,418238 Alt v1 android (Artem) VID,7.22,324,7.75,0.77
2024-01-31,c:334848807129099840,418238 Alt v1 android (Artem) VID,47.57,1161,52.42,2.76
2024-02-01,c:334848807129099840,418238 Alt v1 android (Artem) VID,24.86,351,28.74,1.83
2024-01-30,c:993477543462135000,410562 Original v2 android (Vasyl) IMG,4.45,121,5.92,0.31
2024-01-31,c:993477543462135000,410562 Original v2 android (Vasyl) IMG,26.16,2275,37.61,3.72
2024-02-01,c:993477543462135000,410562 Original v2 android (Vasyl) IMG,15.68,221,19.07,1
2024-01-30,c:175982393872315740,417886 Alt v1 android (Artem) IMG,8.61,131,14.03,1.56
2024-01-31,c:175982393872315740,417886 Alt v1 android (Artem) IMG,23.61,276,32.99,4.08
2024-02-01,c:175982393872315740,417886 Alt v1 android (Artem) IMG,14.35,311,19.83,2.7
2024-01-30,c:107608103615695730,418239 Alt v3 android (Dima) GIF,6.72,162,6.68,0.58
2024-01-31,c:107608103615695730,418239 Alt v3 android (Dima) GIF,40.73,1269,71.97,5.42
2024-02-01,c:107608103615695730,418239 Alt v3 android (Dima) GIF,11.87,225,20.68,2.82
2024-01-30,c:389361711563439100,418032 Alt v2 android (Dima) IMG,5.7,107,10.12,0.88
2024-01-31,c:389361711563439100,418032 Alt v2 android (Dima) IMG,23.04,347,24.47,1.56
2024-02-01,c:389361711563439100,418032 Alt v2 android (Dima) IMG,21.4,287,25.9,3.2
2024-01-30,c:881102849540845700,418045 Alt v2 android (Artem) VID,9.28,164,16.92,1.08
2024-02-01,c:881102849540845700,418045 Alt v2 android (Artem) VID,25.05,1884,44.68,4.42
2024-01-29,c:219704546586416030,417930 Original v2 android (Yuliia) IMG,3.37,48,4.75,0.3
2024-01-30,c:219704546586416030,417930 Original v2 android (Yuliia) IMG,44.67,2245,65.13,7.24
2024-01-31,c:219704546586416030,417930 Original v2 android (Yuliia) IMG,16.34,314,21.96,2.71
2024-01-29,c:126193718522686460,417861 Original v2 android (Yuliia) GIF,5.12,247,6.4,0.41
2024-01-30,c:126193718522686460,417861 Original v2 android (Yuliia) GIF,35.17,832,44.57,6.08
2024-01-31,c:126193718522686460,417861 Original v2 android (Yuliia) GIF,26.76,1018,33.36,3.3
2024-01-29,c:643250698050747800,418271 Original v3 android (Artem) IMG,9.99,253,12.14,1.35
2024-01-30,c:643250698050747800,418271 Original v3 android (Artem) IMG,35.42,401,52.92,5.88
2024-01-29,c:182792193055231870,418306 Alt v3 android (Artem) IMG,7.99,97,9.49,0.5
2024-01-30,c:182792193055231870,418306 Alt v3 android (Artem) IMG,37.37,1116,44.26,2.83
2024-01-31,c:182792193055231870,418306 Alt v3 android (Artem) IMG,28.14,360,33.06,2.11
2024-01-29,c:462285404226347300,418390 Alt v4 android (Dima) IMG,3.2,91,3.69,0.41
2024-01-30,c:462285404226347300,418390 Alt v4 android (Dima) IMG,33.26,722,33.66,2.93
2024-01-31,c:462285404226347300,418390 Alt v4 android (Dima) IMG,16.64,222,25.01,2.78
2024-01-29,c:803719987125387300,413802 Original v1 android (Yuliia) IMG,9.42,137,15.09,1.68
2024-01-30,c:803719987125387300,413802 Original v1 android (Yuliia) IMG,31.2,447,51.11,5.68
2024-01-31,c:803719987125387300,413802 Original v1 android (Yuliia) IMG,26.74,310,47.41,5.27
2024-01-29,c:344649889506166900,418433 Original v2 android (Yuliia) VID,5.76,209,9.96,0.52
2024-01-30,c:344649889506166900,418433 Original v2 android (Yuliia) VID,22.42,352,37.91,4.69
2024-01-29,c:152476941707993860,418162 Original v2 android (Andrii) VID,8.33,205,14.66,2
2024-01-30,c:152476941707993860,418162 Original v2 android (Andrii) VID,25.58,1376,36.92,5.03
2024-01-31,c:152476941707993860,418162 Original v2 android (Andrii) VID,27.72,361,42.43,5.24
2024-01-29,c:499011785664540600,418464 Original v2 android (Vasyl) GIF,37.23,770,41.94,5.72
2024-01-30,c:499011785664540600,418464 Original v2 android (Vasyl) GIF,22.64,284,35.05,3.89
2024-01-28,c:186393870520880500,417928 Alt v2 android (Yuliia) GIF,5.02,449,8.45,0.73
2024-01-29,c:186393870520880500,417928 Alt v2 android (Yuliia) GIF,24.24,1276,24.43,2.71
2024-01-30,c:186393870520880500,417928 Alt v2 android (Yuliia) GIF,17.56,215,17.99,1.15
2024-01-28,c:334449168780275320,418537 Original v2 android (Dima) GIF,3.47,93,5.06,0.63
2024-01-29,c:334449168780275320,418537 Original v2 android (Dima) GIF,42.47,579,60.92,3.21
2024-01-28,c:857462706776501500,418433 Original v4 android (Yuliia) VID,9.33,120,14.03,0.9
2024-01-29,c:857462706776501500,418433 Original v4 android (Yuliia) VID,34.74,1997,34.25,2.58
2024-01-30,c:857462706776501500,418433 Original v4 android (Yuliia) VID,15.43,200,25.83,1.94
2024-01-28,c:488426836806564100,418327 Original v3 android (Vasyl) IMG,8.76,167,10.92,1.08
2024-01-29,c:488426836806564100,418327 Original v3 android (Vasyl) IMG,35.08,2028,47.63,3.59
2024-01-30,c:488426836806564100,418327 Original v3 android (Vasyl) IMG,17.98,1550,26.99,1.42
2024-01-28,c:829425992399606000,418577 Alt v3 android (Dima) VID,8.73,426,9.99,1.36
2024-01-29,c:829425992399606000,418577 Alt v3 android (Dima) VID,44.5,543,78.81,9.74
2024-01-30,c:829425992399606000,418577 Alt v3 android (Dima) VID,24.84,279,29.03,1.53
2024-01-28,c:184888216984702140,418162 Original v2 android (Yuliia) GIF,9.62,237,16.72,0.88
2024-01-29,c:184888216984702140,418162 Original v2 android (Yuliia) GIF,43.12,722,61.04,3.21
2024-01-30,c:184888216984702140,418162 Original v2 android (Yuliia) GIF,12.2,148,13.13,1.14
2024-01-27,c:564866219629850600,418539 Alt v2 android (Dima) IMG,8.65,151,13.11,0.99
2024-01-28,c:564866219629850600,418539 Alt v2 android (Dima) IMG,33.79,627,54.31,3.47
2024-01-29,c:564866219629850600,418539 Alt v2 android (Dima) IMG,29.46,999,37.38,2.39
2024-01-27,c:635272762762631300,418537 Alt v4 android (Artem) GIF,4.86,275,5.28,0.65
2024-01-28,c:635272762762631300,418537 Alt v4 android (Artem) GIF,44.61,667,59.02,6.56
2024-01-29,c:635272762762631300,418537 Alt v4 android (Artem) GIF,24.33,641,29.34,3.26
2024-01-27,c:270177500173694800,418511 Original v4 android (Andrii) IMG,5.07,98,7.57,0.75
2024-01-28,c:270177500173694800,418511 Original v4 android (Andrii) IMG,23.17,414,36.28,4.03
2024-01-27,c:930069483612651800,417930 Alt v4 android (Andrii) GIF,5.53,233,8.32,1.13
2024-01-28,c:930069483612651800,417930 Alt v4 android (Andrii) GIF,47.34,4425,44.66,5.52
2024-01-29,c:930069483612651800,417930 Alt v4 android (Andrii) GIF,28.15,793,42.11,5.74
2024-01-27,c:580934236594086100,412606 Alt v3 android (Vasyl) IMG,3.3,66,3.57,0.35
2024-01-28,c:580934236594086100,412606 Alt v3 android (Vasyl) IMG,22.09,792,36.58,3.18
2024-01-29,c:580934236594086100,412606 Alt v3 android (Vasyl) IMG,15.35,507,17.94,0.94
2024-01-27,c:718262539364777000,418384 Alt v1 android (Yuliia) IMG,5.28,326,9.03,0.58
2024-01-28,c:718262539364777000,418384 Alt v1 android (Yuliia) IMG,21.44,1675,25.76,3.18
2024-01-29,c:718262539364777000,418384 Alt v1 android (Yuliia) IMG,23.3,305,37.67,2.4
2024-01-28,c:645261477207492500,418772 Original v3 android (Vasyl) IMG,24.91,328,38.5,3.35
2024-01-29,c:645261477207492500,418772 Original v3 android (Vasyl) IMG,23.98,489,24.88,2.46
2024-01-27,c:559875497747424700,418539 Alt v2 android (Vasyl) VID,7.25,239,7.85,0.41
2024-01-28,c:559875497747424700,418539 Alt v2 android (Vasyl) VID,34.35,2306,55.9,4.21
2024-01-29,c:559875497747424700,418539 Alt v2 android (Vasyl) VID,20.56,354,24.4,2.12
2024-01-26,c:196455932742857440,418511 Original v3 android (Andrii) IMG,3.94,81,5.11,0.33
2024-01-27,c:196455932742857440,418511 Original v3 android (Andrii) IMG,26.43,299,49.19,3.14
2024-01-28,c:196455932742857440,418511 Original v3 android (Andrii) IMG,17.82,238,25.3,2.5
2024-01-26,c:141168292088673420,418538 Original v2 android (Yuliia) VID,5.1,109,6.98,0.37
2024-01-28,c:141168292088673420,418538 Original v2 android (Yuliia) VID,18.86,393,23.73,3.24
2024-01-26,c:702669324479504100,418817 Alt v3 android (Vasyl) GIF,4.1,47,4.78,0.47
2024-01-27,c:702669324479504100,418817 Alt v3 android (Vasyl) GIF,40.32,917,59.62,4.49
2024-01-26,c:244542120886222620,418346 Original v1 android (Andrii) GIF,4.45,184,5.89,0.65
2024-01-27,c:244542120886222620,418346 Original v1 android (Andrii) GIF,24.93,1781,23.04,3.14
2024-01-28,c:244542120886222620,418346 Original v1 android (Andrii) GIF,21.73,366,23.64,1.78
2024-01-26,c:961921726478904800,413148 Original v2 android (Yuliia) IMG,5.86,75,10.19,0.65
2024-01-27,c:961921726478904800,413148 Original v2 android (Yuliia) IMG,36.09,782,64.12,4.09
2024-01-28,c:961921726478904800,413148 Original v2 android (Yuliia) IMG,25.97,1676,48.36,2.55
2024-01-28,c:538371062349236800,418538 Original v2 android (Dima) VID,17.86,219,24.59,2.73
2024-01-26,c:203091303003963400,418500 Alt v1 android (Vasyl) IMG,3.76,72,3.87,0.34
2024-01-27,c:203091303003963400,418500 Alt v1 android (Vasyl) IMG,25.4,348,30.05,2.97
2024-01-28,c:203091303003963400,418500 Alt v1 android (Vasyl) IMG,13.31,236,20.95,2.07
2024-01-26,c:695764840230751700,413642 Original v2 android (Vasyl) IMG,46.57,1192,82.29,6.19
2024-01-27,c:695764840230751700,413642 Original v2 android (Vasyl) IMG,15.65,177,16.13,1.4
2024-01-25,c:746981034944672000,418384 Original v4 android (Dima) GIF,3.51,45,3.86,0.38
2024-01-26,c:746981034944672000,418384 Original v4 android (Dima) GIF,47.25,2655,74.77,6.5
2024-01-27,c:746981034944672000,418384 Original v4 android (Dima) GIF,29.37,786,37.67,1.98
2024-01-25,c:667161961024945300,416673 Original v4 android (Vasyl) VID,4.17,68,4.67,0.25
2024-01-27,c:667161961024945300,416673 Original v4 android (Vasyl) VID,16.5,308,16.78,1.86
2024-01-25,c:754736869054428900,416636 Alt v1 android (Vasyl) IMG,9.93,169,11.7,0.62
2024-01-26,c:754736869054428900,416636 Alt v1 android (Vasyl) IMG,33.29,410,33.52,1.76
2024-01-27,c:754736869054428900,416636 Alt v1 android (Vasyl) IMG,16.18,1018,23.33,2.88
2024-01-25,c:928067531707458300,418749 Original v2 android (Vasyl) GIF,8.99,255,14.63,1.1
2024-01-27,c:928067531707458300,418749 Original v2 android (Vasyl) GIF,13.3,347,13.92,1.38
2024-01-25,c:961860284199196200,418500 Original v4 android (Vasyl) IMG,3.71,188,6.72,0.66
2024-01-26,c:961860284199196200,418500 Original v4 android (Vasyl) IMG,44.4,3670,48.61,4.23
2024-01-27,c:961860284199196200,418500 Original v4 android (Vasyl) IMG,21.62,375,23.02,2.28
2024-01-25,c:881400900596985200,418702 Alt v4 android (Vasyl) IMG,9.94,143,13.68,1.03
2024-01-27,c:881400900596985200,418702 Alt v4 android (Vasyl) IMG,12.03,1104,16.31,1.61
2024-01-25,c:593945205667243100,418634 Original v3 android (Andrii) IMG,4.33,69,5.22,0.71
2024-01-26,c:593945205667243100,418634 Original v3 android (Andrii) IMG,34.98,3124,38.06,2.86
2024-01-27,c:593945205667243100,418634 Original v3 android (Andrii) IMG,24.4,814,38.63,3.82
2024-01-24,c:414454302521612100,417053 Original v2 android (Dima) IMG,9.91,482,11.68,1.3
2024-01-25,c:414454302521612100,417053 Original v2 android (Dima) IMG,26.26,683,34.06,2.17
2024-01-26,c:414454302521612100,417053 Original v2 android (Dima) IMG,18.34,220,26.72,1.71
2024-01-24,c:626019716234937200,418495 Alt v1 android (Dima) VID,4.68,178,7.79,0.96
2024-01-26,c:626019716234937200,418495 Alt v1 android (Dima) VID,13.51,683,15.49,0.99
2024-01-24,c:382093760694999400,417053 Alt v3 android (Andrii) VID,3.74,44,6.4,0.63
2024-01-25,c:382093760694999400,417053 Alt v3 android (Andrii) VID,24.94,761,30.56,1.61
2024-01-26,c:382093760694999400,417053 Alt v3 android (Andrii) VID,28.52,347,45.36,3.41
2024-01-24,c:770562684798439200,406255 Original v1 android (Artem) IMG,7.62,115,7.93,0.98
2024-01-25,c:770562684798439200,406255 Original v1 android (Artem) IMG,34.08,703,56.08,7.65
2024-01-25,c:451862211967184900,418059 Original v2 android (Yuliia) VID,38.79,554,57.86,3.05
2024-01-26,c:451862211967184900,418059 Original v2 android (Yuliia) VID,14.37,227,21.32,2.11
2024-01-24,c:907613098536769200,418634 Alt v4 android (Dima) GIF,8.46,97,9.83,1.34
2024-01-25,c:907613098536769200,418634 Alt v4 android (Dima) GIF,29.26,1076,45.03,2.37
2024-01-26,c:907613098536769200,418634 Alt v4 android (Dima) GIF,24.36,384,29.7,3.67
2024-01-25,c:864426272730786800,419007 Alt v3 android (Dima) IMG,28.25,432,48.58,2.56
2024-01-26,c:864426272730786800,419007 Alt v3 android (Dima) IMG,10.27,131,12.85,1.43
2024-01-24,c:402471915873259700,418902 Alt v1 android (Yuliia) GIF,8.54,228,11.42,1.56
2024-01-25,c:402471915873259700,418902 Alt v1 android (Yuliia) GIF,25.49,367,29.46,2.91
2024-01-26,c:402471915873259700,418902 Alt v1 android (Yuliia) GIF,24.91,796,39.9,5.44
2024-01-24,c:500499494462571300,413740 Original v1 android (Artem) VID,7.78,173,8.5,0.84
2024-01-25,c:500499494462571300,413740 Original v1 android (Artem) VID,34.28,2765,34.39,4.69
2024-01-26,c:500499494462571300,413740 Original v1 android (Artem) VID,14.81,179,22.07,1.92
2024-01-23,c:230364381660362880,418495 Alt v4 android (Artem) IMG,5.59,105,7.51,0.48
2024-01-24,c:230364381660362880,418495 Alt v4 android (Artem) IMG,39.45,2989,57.08,5.65
2024-01-25,c:230364381660362880,418495 Alt v4 android (Artem) IMG,20.43,471,32.54,3.62
2024-01-24,c:790037979503684700,410622 Original v4 android (Vasyl) VID,34.07,400,40.46,2.13
2024-01-25,c:790037979503684700,410622 Original v4 android (Vasyl) VID,21.69,493,28.25,3.85
2024-01-23,c:254898747811133100,417937 Alt v1 android (Vasyl) IMG,3.55,51,3.71,0.2
2024-01-24,c:254898747811133100,417937 Alt v1 android (Vasyl) IMG,38.21,570,57.02,5.64
2024-01-25,c:254898747811133100,417937 Alt v1 android (Vasyl) IMG,23.18,1233,26.31,3.59
2024-01-23,c:755135347333466400,419069 Original v4 android (Andrii) GIF,9.94,121,18.59,1.19
2024-01-24,c:755135347333466400,419069 Original v4 android (Andrii) GIF,32.15,375,35.79,3.11
2024-01-25,c:755135347333466400,419069 Original v4 android (Andrii) GIF,27.77,425,34.87,2.62
2024-01-23,c:159784993221842700,418902 Original v1 android (Artem) IMG,5.39,87,7.68,0.4
2024-01-24,c:159784993221842700,418902 Original v1 android (Artem) IMG,47.99,1015,85.65,7.45
2024-01-25,c:159784993221842700,418902 Original v1 android (Artem) IMG,13.69,184,20.59,2.54
2024-01-23,c:147702919504688830,410622 Original v3 android (Vasyl) VID,9.62,111,13.48,1.33
2024-01-24,c:147702919504688830,410622 Original v3 android (Vasyl) VID,32.94,499,38.8,2.04
2024-01-25,c:147702919504688830,410622 Original v3 android (Vasyl) VID,16.96,242,27.93,3.1
2024-01-23,c:660159184798476300,418962 Original v2 android (Andrii) GIF,6.1,76,11.07,0.58
2024-01-24,c:660159184798476300,418962 Original v2 android (Andrii) GIF,26.67,1112,35.52,3.95
2024-01-23,c:676885913204712400,418754 Alt v3 android (Vasyl) IMG,8.14,427,14.27,1.76
2024-01-24,c:676885913204712400,418754 Alt v3 android (Vasyl) IMG,46.52,547,80.24,10.94
2024-01-25,c:676885913204712400,418754 Alt v3 android (Vasyl) IMG,19.4,783,35.75,1.88
2024-01-24,c:587806469045607600,410006 Alt v2 android (Dima) GIF,40.42,1604,43.17,5.34
2024-01-25,c:587806469045607600,410006 Alt v2 android (Dima) GIF,17.32,267,20.58,2.81
2024-01-22,c:992564326863915800,418537 Original v3 android (Artem) IMG,6.7,115,7.44,0.74
2024-01-24,c:992564326863915800,418537 Original v3 android (Artem) IMG,25.74,308,30.73,1.96
2024-01-22,c:959426453665884500,418032 Original v1 android (Dima) IMG,4.79,128,8.28,0.44
2024-01-23,c:959426453665884500,418032 Original v1 android (Dima) IMG,38.46,3734,53.78,4.68
2024-01-24,c:959426453665884500,418032 Original v1 android (Dima) IMG,17.32,263,22.23,1.67
2024-01-23,c:885741726763392500,418754 Alt v2 android (Dima) IMG,31.04,729,40.33,4.99
2024-01-24,c:885741726763392500,418754 Alt v2 android (Dima) IMG,12.88,147,20.34,1.3
2024-01-22,c:663960316716180200,418962 Alt v1 android (Dima) VID,7.79,128,13.98,1.22
2024-01-24,c:663960316716180200,418962 Alt v1 android (Dima) VID,21.64,573,37.63,2.4
2024-01-22,c:706596560765815800,419143 Alt v3 android (Artem) IMG,5.55,366,6.5,0.49
2024-01-23,c:706596560765815800,419143 Alt v3 android (Artem) IMG,23.56,311,38.98,5.32
2024-01-24,c:706596560765815800,419143 Alt v3 android (Artem) IMG,13.57,208,23.34,2.31
2024-01-22,c:979120944358195500,419074 Alt v2 android (Artem) VID,7.89,144,13.92,1.55
2024-01-23,c:979120944358195500,419074 Alt v2 android (Artem) VID,29.95,592,29.92,3.32
2024-01-24,c:979120944358195500,419074 Alt v2 android (Artem) VID,12.09,200,15,2.05
2024-01-22,c:699054448426630300,403889 Original v2 android (Artem) GIF,6.01,70,9.93,0.52
2024-01-23,c:699054448426630300,403889 Original v2 android (Artem) GIF,44.87,1527,82.21,6.19
2024-01-24,c:699054448426630300,403889 Original v2 android (Artem) GIF,27.72,670,30.94,3.44
2024-01-22,c:656699135216837600,419007 Alt v1 android (Yuliia) GIF,6.24,78,9.99,0.99
2024-01-23,c:656699135216837600,419007 Alt v1 android (Yuliia) GIF,23.81,284,36.46,4.97
2024-01-24,c:656699135216837600,419007 Alt v1 android (Yuliia) GIF,22.76,405,30.36,2.64
2024-01-21,c:521326783430466240,419074 Alt v1 android (Andrii) GIF,9.8,135,11.38,1.26
2024-01-22,c:521326783430466240,419074 Alt v1 android (Andrii) GIF,22.56,333,34.29,1.8
2024-01-23,c:521326783430466240,419074 Alt v1 android (Andrii) GIF,15.07,925,22.15,3.02
2024-01-22,c:282635466747932700,419034 Alt v4 android (Dima) IMG,22.3,389,37.51,4.64
2024-01-22,c:106452782709056450,419291 Original v1 android (Dima) VID,45.71,520,81.62,6.14
2024-01-23,c:106452782709056450,419291 Original v1 android (Dima) VID,25.92,1271,45.45,5.62
2024-01-21,c:417366919262172500,419053 Alt v3 android (Andrii) IMG,4.21,73,6.11,0.83
2024-01-22,c:417366919262172500,419053 Alt v3 android (Andrii) IMG,21,331,34.71,1.83
2024-01-22,c:932829269857435400,418032 Original v2 android (Yuliia) IMG,29.02,735,44.68,5.52
2024-01-23,c:932829269857435400,418032 Original v2 android (Yuliia) IMG,24.66,310,32.8,1.73
2024-01-21,c:876437078733225600,406545 Original v2 android (Andrii) GIF,7.9,394,9.68,0.51
2024-01-22,c:876437078733225600,406545 Original v2 android (Andrii) GIF,21.37,594,28.9,2.51
2024-01-23,c:876437078733225600,406545 Original v2 android (Andrii) GIF,11.93,159,15.03,1.67
2024-01-21,c:733342010841448300,418212 Original v1 android (Andrii) IMG,8.47,537,16.01,0.84
2024-01-22,c:733342010841448300,418212 Original v1 android (Andrii) IMG,49.44,700,50.03,6.82
2024-01-23,c:733342010841448300,418212 Original v1 android (Andrii) IMG,12.23,165,19.7,2.69
2024-01-21,c:502879906002720700,419069 Alt v4 android (Dima) GIF,6.8,117,7.56,0.4
2024-01-22,c:502879906002720700,419069 Alt v4 android (Dima) GIF,40.24,755,73.24,7.24
2024-01-23,c:502879906002720700,419069 Alt v4 android (Dima) GIF,12.91,204,20.56,2.03
2024-01-21,c:141708352829792440,419053 Original v1 android (Artem) IMG,31.41,386,50.88,5.03
2024-01-22,c:141708352829792440,419053 Original v1 android (Artem) IMG,23.02,653,29.33,2.9
2024-01-20,c:310858313194085600,418634 Alt v2 android (Artem) IMG,6.31,88,11.15,0.84
2024-01-21,c:310858313194085600,418634 Alt v2 android (Artem) IMG,36.4,1017,49.76,3.75
2024-02-20,c:479655221905119760,405047 Alt v1 android (Andrii) IMG,9.69,394,4.14,0.41
2024-02-22,c:479655221905119760,405047 Alt v1 android (Andrii) IMG,17.87,816,8.02,1.09
2024-02-21,c:965024766748633000,413802 Original v3 android (Yuliia) VID,10.08,194,14.84,1.29
2024-02-19,c:498022582423361100,411064 Original v1 android (Artem) IMG,4.84,75,4.96,0.32
2024-02-19,c:188217415134311000,414903 Alt v2 android (Dima) VID,3.58,224,5.44,0.29
2024-02-21,c:188217415134311000,414903 Alt v2 android (Dima) VID,25.84,722,42.05,3.17
2024-02-19,c:429173867212309300,414880 Alt v2 android (Vasyl) IMG,3.56,46,3.87,0.48
2024-02-20,c:402141615793211200,414164 Original v3 android (Yuliia) IMG,32.62,1311,31.93,3.95
2024-02-20,c:158500202831229220,414954 Alt v2 android (Vasyl) VID,26.35,1243,39.19,5.34
2024-02-19,c:697440992145496300,414937 Original v1 android (Yuliia) GIF,9.74,467,11.05,1.23
2024-02-18,c:439741078075034400,414849 Original v4 android (Yuliia) IMG,5.64,119,7.68,0.67
2024-02-18,c:611183052152428700,415109 Alt v2 android (Vasyl) GIF,8.85,149,14.8,2.02
2024-02-20,c:792440807570686100,410622 Original v4 android (Yuliia) GIF,26.71,312,48.9,4.25
2024-02-19,c:444603477267070850,415100 Original v3 android (Dima) GIF,17.58,1385,23.21,3.16
2024-02-19,c:239526893833976060,415396 Alt v2 android (Vasyl) GIF,13.86,216,13.75,1.36
2024-02-17,c:825973292097989600,415119 Original v1 android (Vasyl) GIF,9.95,141,15.3,1.51
2024-02-18,c:174271908595147400,415288 Alt v3 android (Vasyl) VID,27.32,939,33.44,3.72
2024-02-17,c:351704333141784800,415162 Original v2 android (Yuliia) GIF,6.5,97,11.49,0.86
2024-02-19,c:351704333141784800,415162 Original v2 android (Yuliia) GIF,15.46,202,25.05,2.78
2024-02-16,c:708819863889387000,415372 Alt v2 android (Dima) IMG,9.11,111,12.13,1.35
2024-02-17,c:322677270096820540,415357 Original v4 android (Yuliia) VID,30.33,925,48.86,5.43
2024-02-16,c:294191824541231170,415523 Alt v2 android (Andrii) VID,9.02,347,15.42,0.81
2024-02-17,c:622767192961846400,415520 Original v2 android (Vasyl) VID,19.22,497,34.11,3.37
2024-02-17,c:362860065410064640,415288 Alt v2 android (Vasyl) IMG,15.23,640,16.4,2.03
2024-02-16,c:781596169545842000,415729 Original v2 android (Artem) GIF,47.25,899,69.58,3.66
2024-02-14,c:993198955055568000,301425 Original v3 android (Yuliia) IMG,5.17,78,7.55,0.93
2024-02-16,c:856931897023956700,301425 Alt v4 android (Artem) IMG,20.36,1024,28.31,3.86
2024-02-15,c:733443599580714200,416056 Original v4 android (Andrii) VID,45.01,3286,76.97,8.55
2024-02-14,c:207040762902364100,404094 Original v1 android (Vasyl) GIF,7.9,93,10.91,1.49
2024-02-14,c:203330416862085760,403173 Alt v3 android (Dima) IMG,42.46,485,73.24,9.99
2024-02-13,c:185893815370822500,404730 Alt v3 android (Artem) VID,7.63,343,14.21,0.75
2024-02-14,c:185893815370822500,404730 Alt v3 android (Artem) VID,48.54,671,49.12,6.7
2024-02-15,c:713536642712345700,405202 Original v1 android (Dima) IMG,21.31,361,33.37,3.71
2024-02-13,c:622705728910247300,404898 Alt v4 android (Andrii) IMG,5.28,188,5.81,0.37
2024-02-13,c:712360431732710500,415760 Original v1 android (Andrii) GIF,5.88,232,8.95,1.22
2024-02-14,c:712360431732710500,415760 Original v1 android (Andrii) GIF,23.38,472,28.21,1.48
2024-02-12,c:496585641753857000,416002 Original v3 android (Yuliia) VID,7.7,159,8.43,1.04
2024-02-13,c:482867158284663550,295505 Alt v1 android (Vasyl) IMG,31.68,386,43.18,2.76
2024-02-14,c:150022450914973020,415288 Alt v1 android (Yuliia) GIF,21.8,253,33.76,4.6
2024-02-12,c:809460428224525700,416223 Alt v4 android (Andrii) GIF,7.86,210,7.92,0.42
2024-02-14,c:809460428224525700,416223 Alt v4 android (Andrii) GIF,15.89,541,23.76,2.94
2024-02-12,c:327940293948587600,415892 Alt v4 android (Yuliia) GIF,33.49,921,49,2.58
2024-02-10,c:356353224845164400,416202 Alt v4 android (Artem) IMG,32.07,364,56.37,3.6
2024-02-10,c:584255177961448000,416625 Alt v3 android (Andrii) VID,42.1,2205,50.39,5.6
2024-02-10,c:235085246052660900,413718 Alt v2 android (Yuliia) VID,20.4,324,30.07,2.97
2024-02-09,c:634867662041144800,416885 Alt v3 android (Artem) GIF,6.98,91,7.79,0.87
2024-02-10,c:612337683358572560,417072 Alt v2 android (Yuliia) VID,42.49,749,77.4,6.73
2024-02-09,c:525686132874024960,416772 Alt v3 android (Yuliia) GIF,47.69,3482,55.18,6.82
2024-02-09,c:302056554517755400,417053 Original v3 android (Dima) GIF,24.12,273,22.5,3.07
2024-02-08,c:273085365781418270,417056 Original v1 android (Dima) GIF,3.1,146,3.7,0.46
2024-02-07,c:133750058649744210,416424 Original v2 android (Yuliia) VID,8.92,157,14.32,0.75
2024-02-09,c:853139296216039600,417102 Alt v2 android (Artem) IMG,14.49,954,26.66,2.32
2024-02-07,c:372423208131878800,416997 Original v1 android (Artem) VID,3.04,122,4.73,0.41
2024-02-08,c:398291109127922600,417038 Original v1 android (Artem) IMG,24.51,701,31.68,2.38
2024-02-09,c:398291109127922600,417038 Original v1 android (Artem) IMG,12.22,147,12.8,1.75
2024-02-07,c:213818863313183460,416596 Alt v2 android (Dima) IMG,48.03,950,63.88,4.81
2024-02-06,c:866723605564174700,417418 Alt v2 android (Vasyl) IMG,3.87,258,4.5,0.61
2024-02-07,c:866723605564174700,417418 Alt v2 android (Vasyl) IMG,23.97,338,31.5,3.5
2024-02-06,c:591255803035339800,417369 Original v3 android (Artem) VID,9.18,537,12.61,1.25
2024-02-06,c:978278299773398100,416858 Alt v3 android (Yuliia) VID,4.5,82,5.95,0.66
2024-02-05,c:255242082381935460,405925 Original v1 android (Dima) IMG,3.57,48,3.64,0.5
2024-02-05,c:438967022375049700,416312 Original v4 android (Yuliia) VID,4.8,65,5.44,0.6
2024-02-06,c:438967022375049700,416312 Original v4 android (Yuliia) VID,27.75,2456,43.21,4.8
2024-02-06,c:781109354769845100,416474 Original v2 android (Dima) GIF,18.96,269,27.84,3.44
2024-02-06,c:810094210677875700,417034 Original v4 android (Andrii) GIF,29.62,349,43.16,2.75
2024-02-06,c:649634626913159400,417182 Alt v1 android (Dima) IMG,15.84,262,28.27,2.46
2024-02-05,c:473914432974919000,417258 Alt v2 android (Artem) IMG,10.67,252,12.14,1.2
2024-02-03,c:458313615728041860,417608 Alt v1 android (Yuliia) VID,5.74,233,6.87,0.36
2024-02-03,c:402208970722230500,417637 Alt v2 android (Artem) GIF,9.21,230,10.29,1.4
2024-02-04,c:157610891762864260,417777 Original v4 android (Andrii) GIF,29.19,2131,40.38,3.99
2024-02-05,c:157610891762864260,417777 Original v4 android (Andrii) GIF,27.68,327,38.24,5.21
2024-02-03,c:939723177228266600,402614 Original v1 android (Vasyl) IMG,9.75,167,18.04,1.36
2024-02-05,c:939723177228266600,402614 Original v1 android (Vasyl) IMG,18.19,231,22.26,2.47
2024-02-04,c:111545465583135170,414954 Original v1 android (Dima) IMG,21.89,827,28.4,1.81
2024-02-04,c:780198462036112000,417937 Original v4 android (Artem) IMG,27.79,467,45.27,5.03
2024-02-03,c:230069063471602050,417783 Original v3 android (Yuliia) IMG,33.73,1461,35.13,2.64
2024-02-03,c:687962514574790300,417428 Alt v1 android (Yuliia) GIF,28.88,576,43.89,4.34
2024-02-02,c:685568959328040600,417875 Original v1 android (Vasyl) IMG,36.99,677,37.84,2.85
2024-02-01,c:659306325463753200,416636 Original v3 android (Artem) GIF,5.52,373,9.29,0.81
2024-02-01,c:300408962589218560,416673 Alt v1 android (Andrii) VID,42.35,486,46.87,3.53
2024-02-01,c:888856546545915400,417648 Alt v1 android (Yuliia) VID,40.87,694,46.1,2.94
2024-01-31,c:146835409698986560,418059 Alt v4 android (Andrii) IMG,7.57,132,7.76,0.5
2024-01-31,c:209744493170495040,417752 Original v3 android (Yuliia) IMG,9.7,148,9.67,0.62
2024-02-01,c:209744493170495040,417752 Original v3 android (Yuliia) IMG,20.48,392,26.85,3.66
2024-01-31,c:881102849540845700,418045 Alt v2 android (Artem) VID,39.88,597,70.1,4.47
2024-01-31,c:643250698050747800,418271 Original v3 android (Artem) IMG,22.56,454,28.32,2.13
2024-01-31,c:344649889506166900,418433 Original v2 android (Yuliia) VID,24.37,353,41.47,4.1
2024-01-28,c:499011785664540600,418464 Original v2 android (Vasyl) GIF,8.1,189,10.42,1.16
2024-01-30,c:334449168780275320,418537 Original v2 android (Dima) GIF,27.63,472,40,2.55
2024-01-29,c:270177500173694800,418511 Original v4 android (Andrii) IMG,24.58,372,31.06,3.84
2024-01-27,c:645261477207492500,418772 Original v3 android (Vasyl) IMG,6.3,106,7.71,0.67
2024-01-27,c:141168292088673420,418538 Original v2 android (Yuliia) VID,28.29,575,28.19,1.8
2024-01-28,c:702669324479504100,418817 Alt v3 android (Vasyl) GIF,18.6,397,25.16,3.11
2024-01-26,c:538371062349236800,418538 Original v2 android (Dima) VID,6.57,239,8.4,0.54
2024-01-27,c:538371062349236800,418538 Original v2 android (Dima) VID,20.37,286,21.87,2.98
2024-01-26,c:958220117326958800,407141 Original v4 android (Yuliia) VID,5.22,88,5.44,0.67
2024-01-27,c:958220117326958800,407141 Original v4 android (Yuliia) VID,20.95,362,20.87,1.33
2024-01-28,c:958220117326958800,407141 Original v4 android (Yuliia) VID,16.9,367,26.21,1.67
2024-01-25,c:695764840230751700,413642 Original v2 android (Vasyl) IMG,7.69,91,8.37,0.63
2024-01-26,c:667161961024945300,416673 Original v4 android (Vasyl) VID,25.49,717,39,4.33
2024-01-26,c:928067531707458300,418749 Original v2 android (Vasyl) GIF,20.42,637,31.26,3.86
2024-01-26,c:881400900596985200,418702 Alt v4 android (Vasyl) IMG,20.35,249,30.4,3.38
2024-01-25,c:626019716234937200,418495 Alt v1 android (Dima) VID,36.19,565,61.6,5.36
2024-01-26,c:770562684798439200,406255 Original v1 android (Artem) IMG,29.76,686,48.68,3.11
2024-01-24,c:451862211967184900,418059 Original v2 android (Yuliia) VID,8.43,177,15.69,1
2024-01-24,c:864426272730786800,419007 Alt v3 android (Dima) IMG,7.32,107,11.98,1.63
2024-01-23,c:790037979503684700,410622 Original v4 android (Vasyl) VID,7.16,110,7.28,0.81
2024-01-25,c:660159184798476300,418962 Original v2 android (Andrii) GIF,10.28,116,16.84,1.67
2024-01-23,c:587806469045607600,410006 Alt v2 android (Dima) GIF,7.7,123,10.53,1.17
2024-01-23,c:992564326863915800,418537 Original v3 android (Artem) IMG,29.41,350,31.41,3.88
2024-01-23,c:663960316716180200,418962 Alt v1 android (Dima) VID,39.78,782,38.31,4.26
2024-01-21,c:282635466747932700,419034 Alt v4 android (Dima) IMG,9.53,151,9.64,1.32
2024-01-23,c:282635466747932700,419034 Alt v4 android (Dima) IMG,22.72,362,32.67,3.23
2024-01-21,c:106452782709056450,419291 Original v1 android (Dima) VID,6.73,118,7.49,0.65
2024-01-23,c:417366919262172500,419053 Alt v3 android (Andrii) IMG,29.15,1695,36.55,1.92
2024-01-21,c:932829269857435400,418032 Original v2 android (Yuliia) IMG,5.2,316,8.8,0.56
2024-01-20,c:141708352829792440,419053 Original v1 android (Artem) IMG,3.44,47,3.84,0.29
2024-01-22,c:310858313194085600,418634 Alt v2 android (Artem) IMG,19.77,248,29.4,4.01
2024-02-20,c:498022582423361100,411064 Original v1 android (Artem) IMG,35.76,2861,44.37,2.83
2024-02-20,c:317529679282374300,414579 Original v1 android (Dima) GIF,13.95,1224,23.85,1.26
2024-02-16,c:322677270096820540,415357 Original v4 android (Yuliia) VID,7.19,183,11.97,0.9
2024-02-16,c:362860065410064640,415288 Alt v2 android (Vasyl) IMG,39.01,3788,36.8,4.55
2024-02-14,c:113503069407724820,405196 Alt v4 android (Vasyl) VID,25.45,487,37.79,4.2
2024-02-14,c:496585641753857000,416002 Original v3 android (Yuliia) VID,21.31,1678,21.29,2.37
2024-02-09,c:612337683358572560,417072 Alt v2 android (Yuliia) VID,5.01,285,7.49,0.93
2024-02-10,c:472701703672950800,416824 Alt v4 android (Yuliia) VID,11.9,158,19.6,2.18
2024-02-08,c:844934420857977500,416423 Alt v1 android (Vasyl) IMG,3.95,99,6.11,0.53
2024-02-07,c:438967022375049700,416312 Original v4 android (Yuliia) VID,28.2,858,38.85,2.04
2024-02-05,c:781109354769845100,416474 Original v2 android (Dima) GIF,34.43,529,39.38,2.96
2024-01-22,c:885741726763392500,418754 Alt v2 android (Dima) IMG,5.76,354,6.32,0.48
2024-01-26,c:505375244266664800,418772 Alt v3 android (Artem) IMG,9.43,140,,
2024-01-27,c:505375244266664800,418772 Alt v3 android (Artem) IMG,47.35,565,,
2024-01-28,c:505375244266664800,418772 Alt v3 android (Artem) IMG,27.05,321,,
2024-01-21,c:848370967188706600,410006 Original v4 android (Vasyl) VID,9.96,142,,
2024-01-22,c:848370967188706600,410006 Original v4 android (Vasyl) VID,39.56,1774,,
2024-01-23,c:848370967188706600,410006 Original v4 android (Vasyl) VID,26.06,520,,
2024-02-19,c:333111879309020200,411482 Alt v2 android (Artem) VID,5.05,80,6.44,0.88
2024-02-20,c:333111879309020200,411482 Alt v2 android (Artem) VID,32.62,395,46.91,2.99
2024-02-21,c:333111879309020200,411482 Alt v2 android (Artem) VID,18.54,1460,33.29,1.75
2024-02-16,c:995240160762964900,415119 Alt v4 android (Andrii) IMG,24.91,340,43.49,4.83
2024-02-14,c:316729347558496450,415866 Alt v4 android (Vasyl) GIF,8.14,176,11.21,1.25
2024-02-15,c:316729347558496450,415866 Alt v4 android (Vasyl) GIF,29.29,1186,50.83,6.28
2024-02-16,c:316729347558496450,415866 Alt v4 android (Vasyl) GIF,25.97,1804,43.45,2.77
2024-02-13,c:405885350127278340,404117 Original v2 android (Yuliia) GIF,9.15,289,11.76,1.6
2024-02-14,c:405885350127278340,404117 Original v2 android (Yuliia) GIF,45.58,1175,53.68,4.67
2024-02-15,c:405885350127278340,404117 Original v2 android (Yuliia) GIF,23.52,265,31.06,1.63
2024-02-11,c:618084025743855600,416720 Alt v1 android (Dima) IMG,6.29,142,6.59,0.9
2024-02-12,c:618084025743855600,416720 Alt v1 android (Dima) IMG,32.72,472,44.76,2.36
2024-02-13,c:618084025743855600,416720 Alt v1 android (Dima) IMG,12.89,1112,18.9,1.21
2024-02-11,c:899638060719640800,416489 Alt v3 android (Artem) IMG,8.49,165,9.26,0.59
2024-02-12,c:899638060719640800,416489 Alt v3 android (Artem) IMG,22.17,539,26.03,2.57
2024-02-13,c:899638060719640800,416489 Alt v3 android (Artem) IMG,23.1,328,28.59,2.83
2024-02-11,c:579344645894479100,416492 Original v4 android (Dima) IMG,9.85,158,13.41,1.17
2024-02-12,c:579344645894479100,416492 Original v4 android (Dima) IMG,27.18,306,38.26,3.33
2024-02-13,c:579344645894479100,416492 Original v4 android (Dima) IMG,12.31,156,15.71,2.14
2024-02-12,c:109702507529279020,416636 Original v4 android (Dima) VID,48.78,1179,51.61,4.49
2024-02-13,c:109702507529279020,416636 Original v4 android (Dima) VID,24.14,341,39.22,2.06
2024-02-10,c:374279354226373400,415995 Alt v1 android (Artem) IMG,8.23,151,11.65,1.44
2024-02-11,c:374279354226373400,415995 Alt v1 android (Artem) IMG,33.02,580,47.99,2.53
2024-02-12,c:374279354226373400,415995 Alt v1 android (Artem) IMG,26.07,497,32.98,3.26
2024-02-10,c:163574879647195200,416438 Alt v2 android (Yuliia) IMG,6.94,655,11.62,1.29
2024-02-11,c:163574879647195200,416438 Alt v2 android (Yuliia) IMG,38.23,1912,67.78,7.53
2024-02-10,c:749243647672665900,416673 Original v2 android (Dima) IMG,8.44,119,14.6,0.93
2024-02-11,c:749243647672665900,416673 Original v2 android (Dima) IMG,27.28,726,45.39,2.9
2024-02-12,c:749243647672665900,416673 Original v2 android (Dima) IMG,12.77,253,12.69,1.1
2024-02-10,c:559663509643280700,416011 Alt v2 android (Andrii) IMG,6.35,98,10.86,0.57
2024-02-11,c:971157634272337400,416745 Alt v2 android (Vasyl) IMG,30.71,531,48.37,6.6
2024-02-12,c:971157634272337400,416745 Alt v2 android (Vasyl) IMG,20.24,742,34.38,4.69
2024-02-09,c:452322999013379700,413802 Alt v4 android (Artem) VID,7.09,82,7.04,0.61
2024-02-10,c:452322999013379700,413802 Alt v4 android (Artem) VID,21.5,253,38.97,3.39
2024-02-10,c:210122382616920960,416867 Original v3 android (Dima) VID,38.55,1057,43.58,2.29
2024-02-11,c:210122382616920960,416867 Original v3 android (Dima) VID,17.17,1332,31.96,2.04
2024-02-08,c:107936862390520800,417051 Alt v3 android (Dima) GIF,3.18,68,5.35,0.28
2024-02-09,c:107936862390520800,417051 Alt v3 android (Dima) GIF,49.11,1700,84.91,4.47
2024-02-10,c:107936862390520800,417051 Alt v3 android (Dima) GIF,17.08,215,21.91,1.15
2024-02-08,c:138398569680474370,416447 Original v1 android (Andrii) VID,9.77,151,13.36,1.01
2024-02-10,c:138398569680474370,416447 Original v1 android (Andrii) VID,15.77,509,15.58,1.93
2024-02-05,c:803610694310901000,411666 Original v4 android (Vasyl) IMG,7.74,250,10.49,1.04
2024-02-06,c:803610694310901000,411666 Original v4 android (Vasyl) IMG,26,336,40.86,3.08
2024-02-05,c:899880821750722600,417416 Alt v3 android (Yuliia) VID,36.05,550,46.6,3.51
2024-02-06,c:899880821750722600,417416 Alt v3 android (Yuliia) VID,22.76,456,41.46,3.61
2024-02-05,c:587717740705770100,417502 Alt v4 android (Yuliia) GIF,34.53,416,53.8,2.83
2024-02-06,c:587717740705770100,417502 Alt v4 android (Yuliia) GIF,21.46,488,25.31,3.45
2024-02-03,c:101840219741006660,415100 Alt v2 android (Artem) GIF,9.95,121,11.14,1.1
2024-02-04,c:101840219741006660,415100 Alt v2 android (Artem) GIF,37.07,1025,64.8,3.41
2024-02-02,c:949937849186311800,417830 Alt v1 android (Andrii) GIF,8.19,211,11.48,1.14
2024-02-03,c:949937849186311800,417830 Alt v1 android (Andrii) GIF,31.17,433,38.84,2.92
2024-02-04,c:949937849186311800,417830 Alt v1 android (Andrii) GIF,16.39,194,17.3,1.71
2024-02-03,c:697969026704574800,417369 Alt v4 android (Vasyl) IMG,27.92,913,35.13,4.79
2024-02-01,c:809384652483024100,414954 Original v4 android (Artem) GIF,8.06,247,11.68,1.3
2024-02-02,c:809384652483024100,414954 Original v4 android (Artem) GIF,25.03,308,39.06,2.49
2024-02-03,c:809384652483024100,414954 Original v4 android (Artem) GIF,17.56,497,28.36,1.49
2024-01-31,c:210215702212113600,418114 Original v3 android (Andrii) GIF,4.61,54,4.76,0.36
2024-02-01,c:210215702212113600,418114 Original v3 android (Andrii) GIF,37.81,483,55.19,6.82
2024-02-02,c:210215702212113600,418114 Original v3 android (Andrii) GIF,27.83,844,41.33,4.59
2024-01-30,c:948823724422014300,418059 Alt v3 android (Yuliia) GIF,3.46,315,3.45,0.43
2024-01-31,c:948823724422014300,418059 Alt v3 android (Yuliia) GIF,35.98,1043,47.71,5.9
2024-02-01,c:948823724422014300,418059 Alt v3 android (Yuliia) GIF,17.25,744,25.35,1.91
2024-01-31,c:382520170283170900,418020 Alt v3 android (Andrii) IMG,15.67,203,14.95,1.66
2024-01-28,c:808149651679459100,413476 Original v1 android (Artem) IMG,8.37,329,9.57,1.06
2024-01-28,c:430271713263652700,413316 Alt v3 android (Yuliia) IMG,9.23,125,10.55,1.17
2024-01-29,c:430271713263652700,413316 Alt v3 android (Yuliia) IMG,43.74,815,55.68,2.93
2024-01-30,c:430271713263652700,413316 Alt v3 android (Yuliia) IMG,12.77,231,18.44,0.97
2024-01-27,c:344879984045099600,418577 Alt v3 android (Andrii) IMG,8.79,138,13.45,1.49
2024-01-28,c:344879984045099600,418577 Alt v3 android (Andrii) IMG,35.7,1395,63.42,3.34
2024-01-29,c:344879984045099600,418577 Alt v3 android (Andrii) IMG,28.4,966,44.68,3.89
2024-01-25,c:928599874748174900,418817 Original v1 android (Dima) IMG,9.89,180,15.76,1.95
2024-01-26,c:928599874748174900,418817 Original v1 android (Dima) IMG,31.35,421,51.28,3.27
2024-01-23,c:782230967867972000,419069 Alt v4 android (Artem) VID,30.98,1359,45.89,3.99
2024-01-24,c:782230967867972000,419069 Alt v4 android (Artem) VID,18.02,445,19.03,2.59
2024-01-20,c:792910607071002100,419034 Original v4 android (Vasyl) IMG,5.15,161,8.25,1.12
2024-01-21,c:792910607071002100,419034 Original v4 android (Vasyl) IMG,42.64,484,63.76,7.88
2024-01-22,c:792910607071002100,419034 Original v4 android (Vasyl) IMG,24.75,429,41.41,5.12
2024-01-20,c:965769713217036400,418390 Original v2 android (Vasyl) GIF,7.8,113,7.91,0.98
2024-01-21,c:965769713217036400,418390 Original v2 android (Vasyl) GIF,37.51,957,53.75,6.64
2024-01-22,c:965769713217036400,418390 Original v2 android (Vasyl) GIF,10.3,243,13.14,1.79
2024-02-17,c:995240160762964900,415119 Alt v4 android (Andrii) IMG,17.86,521,17.6,2.4
2024-02-11,c:109702507529279020,416636 Original v4 android (Dima) VID,8.17,100,8.54,0.45
2024-02-12,c:163574879647195200,416438 Alt v2 android (Yuliia) IMG,22.04,310,33.13,3.68
2024-02-11,c:559663509643280700,416011 Alt v2 android (Andrii) IMG,31.91,868,51.4,5.08
2024-02-12,c:559663509643280700,416011 Alt v2 android (Andrii) IMG,26.94,735,34.83,2.62
2024-02-11,c:452322999013379700,413802 Alt v4 android (Artem) VID,13.88,275,13.12,1.46
2024-02-09,c:210122382616920960,416867 Original v3 android (Dima) VID,6.5,313,9.78,1.21
2024-02-09,c:138398569680474370,416447 Original v1 android (Andrii) VID,23,354,29.52,2.22
2024-02-07,c:803610694310901000,411666 Original v4 android (Vasyl) IMG,23.42,620,35.44,2.26
2024-02-04,c:899880821750722600,417416 Alt v3 android (Yuliia) VID,8.89,176,8.45,1.15
2024-02-04,c:587717740705770100,417502 Alt v4 android (Yuliia) GIF,5.39,91,7.28,0.81
2024-02-04,c:697969026704574800,417369 Alt v4 android (Vasyl) IMG,13.28,1136,22.1,2.73
2024-01-29,c:382520170283170900,418020 Alt v3 android (Andrii) IMG,9.09,220,12.33,1.22
2024-01-30,c:382520170283170900,418020 Alt v3 android (Andrii) IMG,24.29,422,28.64,3.91
2024-01-29,c:808149651679459100,413476 Original v1 android (Artem) IMG,20.55,618,33.64,4.59
2024-01-30,c:808149651679459100,413476 Original v1 android (Artem) IMG,26.79,937,45.83,2.93
2024-01-27,c:928599874748174900,418817 Original v1 android (Dima) IMG,27.8,553,45.99,2.94
2024-01-22,c:782230967867972000,419069 Alt v4 android (Artem) VID,4.08,92,6.37,0.41
2024-02-15,c:995240160762964900,415119 Alt v4 android (Andrii) IMG,9.22,117,13.59,1.34
2024-02-10,c:971157634272337400,416745 Alt v2 android (Vasyl) IMG,7.86,187,12.16,1.2
2024-02-05,c:101840219741006660,415100 Alt v2 android (Artem) GIF,20.39,491,23.31,2.59
2024-02-02,c:697969026704574800,417369 Alt v4 android (Vasyl) IMG,4.98,93,5.1,0.63
2024-02-15,c:328691603041653100,415634 Original v3 android (Artem) IMG,3.78,112,6.93,0.36
2024-02-16,c:328691603041653100,415634 Original v3 android (Artem) IMG,38.18,1098,57.67,3.04
2024-02-17,c:328691603041653100,415634 Original v3 android (Artem) IMG,27.44,1408,28.78,2.5
